<?xml version="1.0" encoding="UTF-8"?>
<project-private xmlns="http://www.netbeans.org/ns/project-private/1">
    <editor-bookmarks xmlns="http://www.netbeans.org/ns/editor-bookmarks/2" lastBookmarkId="0"/>
    <open-files xmlns="http://www.netbeans.org/ns/projectui-open-files/2">
        <group>
            <file>file:/C:/Users/Ulises/Documents/GitHub/Proyecto-Arqui/ProyectoArqui/src/clases/Memoria.java</file>
            <file>file:/C:/Users/Ulises/Documents/GitHub/Proyecto-Arqui/ProyectoArqui/src/clases/EstructuraHilo.java</file>
            <file>file:/C:/Users/Ulises/Documents/GitHub/Proyecto-Arqui/ProyectoArqui/src/proyectoarqui/ProyectoArqui.java</file>
            <file>file:/C:/Users/Ulises/Documents/GitHub/Proyecto-Arqui/ProyectoArqui/src/clases/Nucleo.java</file>
            <file>file:/C:/Users/Ulises/Documents/GitHub/Proyecto-Arqui/ProyectoArqui/src/clases/Bus.java</file>
            <file>file:/C:/Users/Ulises/Documents/GitHub/Proyecto-Arqui/ProyectoArqui/src/clases/CacheInstrucciones.java</file>
        </group>
    </open-files>
</project-private>
